Stn_Name,Lat,Long,Prov,Tm,DwTm,D,Tx,DwTx,Tn,DwTn,S,DwS,S%N,P,DwP,P%N,S_G,Pd,BS,DwBS,BS%,HDD,CDD,Stn_No
BEAUPORT,46.837,-71.197,QC,,,NA,,,,,,,NA,118.3,0,NA,,17,,,NA,,,7010565
COTEAU DU LAC,45.317,-74.167,QC,2,10,NA,17,2,-10,8,27.4,1,NA,103.1,2,NA,34,15,,,NA,336.3,0,7011947
DESCHAMBAULT,46.667,-71.917,QC,1.2,13,8.6,13.5,9,-15,8,16.6,6,NA,15.6,17,NA,10,3,,,NA,301.6,0,7011982
DESCHAMBAULT,46.691,-71.972,QC,-1,0,NA,11.3,0,-17.6,0,,,NA,129.2,0,NA,,20,,,NA,588.6,0,7011983
HEROUXVILLE,46.667,-72.6,QC,-1.6,13,NA,7.5,9,-17,9,46,1,NA,116.4,2,NA,25,18,,,NA,353.4,0,7013100
L'ASSOMPTION,45.809,-73.435,QC,0.4,0,NA,16.4,0,-13.3,0,,,NA,124,1,NA,18,16,,,NA,545.6,0,7014160
LES CEDRES,45.3,-74.05,QC,1.8,6,NA,17.5,4,-11.5,4,38,2,NA,99.6,4,NA,28,14,,,NA,404.8,0,7014290
LOUISEVILLE,46.267,-73.017,QC,-4.4,29,3.3,8,26,-14.5,27,44,2,NA,116.6,7,NA,38,15,,,NA,44.7,0,7014332
OKA,45.5,-74.067,QC,1.1,26,7.5,9,19,-10,26,0,10,NA,44,15,NA,,7,,,NA,84.5,0,7015730
L'ETAPE,47.562,-71.229,QC,-5.5,0,NA,7.4,0,-20.9,0,,,NA,124.2,0,NA,,23,,,NA,728.8,0,7015791
QUEBEC/JEAN LESAGE INTL A,46.8,-71.383,QC,,,,,,,,59.7,0,82,134.6,0,135,16,17,,,NA,,,7016294
RIGAUD,45.5,-74.367,QC,2.1,19,8.7,16,13,-12,16,34.6,0,98,105.6,4,NA,29,13,,,NA,190.9,0,7016470
RIVIERE VERTE OUEST,46.983,-71.833,QC,-1.1,12,7.7,10,10,-18,9,41.6,3,NA,92.8,7,NA,,14,,,NA,362.7,0,7016675
ST ALBAN,46.717,-72.083,QC,-0.5,2,7.6,11.5,2,-15,1,35,0,66,89.8,4,NA,20,17,,,NA,535.1,0,7016800
ST ALEXIS DES MONTS,46.533,-73.15,QC,-2.8,19,6.2,7,10,-16,13,53,2,NA,72,2,NA,38,14,,,NA,249,0,7016816
STE ANNE DE LA PERADE,46.583,-72.233,QC,0.1,1,8,13.5,1,-14,1,57.4,0,101,149,0,165,20,20,,,NA,536.1,0,7016840
STE BEATRIX,46.2,-73.6,QC,-1.3,19,7.2,6,14,-16,13,33.6,2,NA,68,8,NA,30,13,,,NA,231,0,7016902
ST CHARLES DE MANDEVILLE,46.35,-73.35,QC,-1.5,3,7.1,14,2,-15.5,1,45.1,0,82,111.5,0,132,23,19,,,NA,547.3,0,7016960
STE CHRISTINE,46.817,-71.917,QC,-1,8,NA,9.5,6,-17,6,61.3,1,NA,142.5,1,NA,30,20,,,NA,437.8,0,7017000
ST COME,46.283,-73.75,QC,-1.2,9,8.1,14.5,6,-16.5,6,54,2,NA,124.7,2,NA,,17,,,NA,421.9,0,7017080
ST NARCISSE,46.533,-72.433,QC,-1.2,8,7,8,5,-15.7,6,49.9,0,111,129.5,0,168,22,21,,,NA,441.9,0,7017585
TROIS RIVIERES A-2,46.35,-72.667,QC,,,NA,,,,,53.3,0,NA,137.6,0,NA,19,18,,,NA,,,7018560
TROIS-RIVIERES,46.354,-72.516,QC,0.3,0,NA,12.8,0,-13.3,0,,,NA,105.6,0,NA,,18,,,NA,548.8,0,7018562
TROIS-RIVIERES,46.367,-72.683,QC,-0.8,0,NA,14.6,0,-15.2,0,,,NA,86,1,NA,8,14,,,NA,581.9,0,7018563
VALCARTIER A,46.9,-71.503,QC,-1.7,0,NA,8.8,0,-17,0,,,NA,0.5,15,NA,,0,,,NA,611.3,0,7018573
LAC AUX SABLES,46.867,-72.4,QC,-0.8,8,8.3,8,4,-16,5,40,3,NA,83.2,6,NA,23,13,,,NA,432.3,0,701LEEH
LAC SAINT-PIERRE,46.183,-72.917,QC,1.1,0,NA,15.5,0,-13.1,0,,,NA,,,NA,,,,,NA,523.5,0,701LP0N
STE-FOY (U. LAVAL),46.78,-71.288,QC,-0.7,0,NA,11.5,0,-15.4,0,,,NA,112.6,3,NA,23,16,,,NA,580.3,0,701Q004
LEMIEUX,46.304,-72.061,QC,-0.4,0,NA,15.3,0,-14.7,0,,,NA,134.4,1,NA,,16,,,NA,568.9,0,701Q009
QUEBEC/JEAN LESAGE INTL,46.804,-71.382,QC,-1,0,NA,10.9,0,-18.3,0,,,NA,136.2,0,NA,,16,,,NA,589,0,701S001
ARTHABASKA,46.017,-71.95,QC,0.7,0,7.5,15,0,-16,0,43.8,0,84,121,0,136,20,15,,,NA,537.5,0,7020305
AUTEUIL,45.65,-73.733,QC,,,NA,,,,,0,29,NA,0,30,NA,,0,,,NA,,,7020392
BEAUSEJOUR,46.667,-71.167,QC,-1.2,4,6.7,11,0,-16.5,4,55.4,1,NA,128.1,1,NA,29,17,,,NA,517.2,0,7020567
BONSECOURS,45.4,-72.267,QC,0.8,4,7.7,15,3,-15,1,32,3,NA,107.5,4,NA,22,14,,,NA,464.3,0,7020828
BROMPTONVILLE,45.483,-71.95,QC,-3,25,3.2,10,21,-15,16,41,5,NA,54.5,14,NA,25,5,,,NA,126,0,7020860
COATICOOK,45.15,-71.8,QC,1.2,0,7.2,16,0,-14.5,0,40.5,0,62,114.9,3,NA,18,16,,,NA,521.2,0,7021840
DANVILLE,45.817,-71.983,QC,0.3,16,NA,16,13,-15.5,5,27.3,3,NA,75.8,7,NA,25,11,,,NA,265.7,0,7021954
DRUMMONDVILLE,45.883,-72.483,QC,1.8,5,7.8,18,4,-14,1,40.7,0,67,135.3,0,139,26,19,,,NA,421.7,0,7022160
FLEURY,45.8,-73,QC,2.8,9,9.1,16.5,6,-13,5,4.4,4,NA,4.4,12,NA,,1,,,NA,334.8,0,7022375
FORTIERVILLE,46.483,-72.05,QC,-0.2,0,7.6,15.4,0,-15,0,49,0,85,143.5,0,159,24,20,,,NA,565.2,0,7022494
FRELIGHSBURG,45.033,-72.85,QC,2.1,0,NA,18.4,0,-13,0,,,NA,147.7,0,NA,11,17,,,NA,492.6,0,7022579
GEORGEVILLE,45.133,-72.233,QC,1.2,7,7.7,15,4,-14,6,40.5,0,58,131.3,1,NA,27,19,,,NA,402.6,0,7022720
GRANBY,45.383,-72.717,QC,2.3,4,7.9,19,2,-14,2,28.6,0,47,116.9,0,114,30,18,,,NA,424.7,0,7022800
HEMMINGFORD FOUR WINDS,45.067,-73.717,QC,2,2,6.8,21.5,1,-12,1,26,1,NA,86.1,4,NA,20,13,,,NA,464.6,0,7023075
VARENNES,45.723,-73.377,QC,1.1,2,NA,16.2,2,-12.6,0,,,NA,,,NA,,,,,NA,491.1,0,702327X
LAC MEGANTIC 2,45.6,-70.867,QC,-1.6,18,5.9,10.5,15,-16.5,17,35.6,6,NA,116.4,10,NA,33,11,,,NA,254.7,0,7023677
LAPRAIRIE,45.383,-73.433,QC,-2,30,NA,6.5,29,-9,29,0,29,NA,,,NA,,,,,NA,20,0,7024100
LAURIERVILLE,46.333,-71.667,QC,4.5,30,11.9,17.5,8,2.5,30,34.2,2,NA,124.8,3,NA,22,18,,,NA,13.5,0,7024250
LAUZON,46.817,-71.1,QC,-1.1,12,6.4,10.5,5,-17,8,60,2,NA,45,13,NA,6,6,,,NA,362.7,0,7024254
LENNOXVILLE,45.369,-71.824,QC,1.2,0,NA,16.2,0,-14,0,,,NA,142,0,NA,17,18,,,NA,519.3,0,7024280
LINGWICK,45.633,-71.367,QC,0.2,6,NA,17,4,-16,3,52.6,0,NA,163.6,0,NA,31,19,,,NA,444.4,0,7024320
MAGOG,45.267,-72.117,QC,1.4,4,7.4,15.5,4,-14,2,20,2,NA,101.6,5,NA,18,13,,,NA,448.8,0,7024440
MARIEVILLE,45.4,-73.133,QC,2.7,4,8.1,17.5,4,-12,0,40,0,88,116.5,1,NA,35,13,,,NA,413,0,7024627
MCTAVISH,45.505,-73.579,QC,2.2,1,NA,17,1,-12.1,0,,,NA,118.5,1,NA,35,15,,,NA,473.4,0,7024745
MONTREAL/PIERRE ELLIOTT TRUDEAU INTL A,45.467,-73.75,QC,1.7,0,7,16.9,0,-12.1,0,50.2,0,103,129.2,0,149,19,15,,,NA,506.6,0,7025250
MONTREAL INTL A,45.471,-73.741,QC,1.7,0,NA,16.9,0,-12.1,0,48,1,NA,126,2,NA,19,14,,,NA,506.6,0,7025251
NICOLET,46.2,-72.617,QC,0.2,5,7.4,14.5,3,-14.5,4,39.4,0,74,114.2,1,NA,20,17,,,NA,463.8,0,7025440
NICOLET,46.226,-72.657,QC,0.1,0,NA,14.4,0,-13.3,0,,,NA,119.7,0,NA,,18,,,NA,553.7,0,7025442
NOTRE DAME DES BOIS,45.4,-71.083,QC,-0.9,4,7,14.5,0,-16,4,69,0,79,167,0,139,30,20,,,NA,510.9,0,7025670
ORMSTOWN,45.117,-74.05,QC,1.1,6,6.1,20.5,3,-11.5,4,19,1,NA,94.3,1,NA,13,16,,,NA,423,0,7025745
PIERREVILLE,46.083,-72.833,QC,1.1,2,7.7,16,2,-14.5,1,46.4,0,94,124.2,0,154,16,16,,,NA,489.8,0,7026043
RICHMOND,45.633,-72.133,QC,1.3,6,NA,13,5,-14,5,37,5,NA,122.2,5,NA,38,14,,,NA,418.2,0,7026465
RIVIERE DES PRAIRIES,45.7,-73.5,QC,1.8,7,8,16.5,4,-12,5,32.2,1,NA,95.4,1,NA,21,16,,,NA,388.1,0,7026612
SABREVOIS,45.217,-73.2,QC,2,1,7.4,17,0,-11,1,24,1,NA,116.2,2,NA,16,14,,,NA,481,0,7026734
ST ANICET,45.133,-74.35,QC,1.8,8,6.4,20,3,-11,5,33.3,1,NA,105.3,2,NA,25,17,,,NA,372.3,0,7026836
ST BERNARD DE LACOLLE,45.083,-73.383,QC,2.2,8,6.9,18.1,2,-11,7,26.5,0,64,120.9,1,NA,16,17,,,NA,363.8,0,7026916
STE-CLOTHILDE,45.167,-73.679,QC,1.9,0,NA,17.8,0,-11.3,0,,,NA,104.5,0,NA,15,15,,,NA,499.6,0,7027039
ST COME DE LINIERE,46.05,-70.517,QC,0,12,7.7,12,9,-17,5,39.6,0,89,120.4,0,173,24,16,,,NA,342.9,0,7027083
ST EPHREM,46.067,-70.967,QC,0.2,8,8.1,7,6,-10,4,53,1,NA,138.6,2,NA,30,17,,,NA,409.5,0,7027200
ST FLAVIEN,46.483,-71.567,QC,-0.9,2,7.2,14,1,-16.8,2,48.5,0,75,139,0,143,12,17,,,NA,547.9,0,7027259
ST GEORGES,46.15,-70.7,QC,-0.4,6,7.1,15,2,-14.5,4,35,0,64,106.4,0,131,30,12,,,NA,459.9,0,7027283
MONTREAL/ST-HUBERT,45.518,-73.417,QC,1.7,2,NA,12.8,2,-12.1,2,,,NA,78.4,3,NA,,12,,,NA,474.1,0,7027329
ST HYACINTHE 2,45.567,-72.917,QC,1.8,2,7.7,17.1,1,-14.1,2,38,0,74,118,1,NA,24,15,,,NA,468.4,0,7027361
SAINT-GERMAIN-DE-GRANTHAM,45.825,-72.537,QC,1.1,0,NA,17.8,0,-14.6,0,,,NA,118,0,NA,26,14,,,NA,524.3,0,7027470
ST LUDGER,45.75,-70.683,QC,0,6,7.4,16.2,4,-15.8,2,44.7,2,NA,63,11,NA,25,8,,,NA,449.4,0,7027516
STE MADELEINE,45.617,-73.133,QC,1.6,4,7.6,17,0,-13.5,4,34.6,0,76,116.6,0,138,33,15,,,NA,442.7,0,7027517
ST MALO D AUCKLAND,45.2,-71.5,QC,0.5,1,7.7,17,0,-15.5,1,43.6,0,53,131.3,0,111,16,17,,,NA,524.2,0,7027520
STE MARTINE,45.217,-73.85,QC,2.4,4,7.4,17,2,-11.5,4,26.8,1,NA,107.6,1,NA,,17,,,NA,422.5,0,7027540
ST NAZAIRE,45.733,-72.617,QC,1.7,4,8.2,18,4,-14.5,1,38,0,75,127.6,1,NA,35,16,,,NA,439.6,0,7027588
ST PIERRE DE BROUGHTON,46.25,-71.217,QC,-0.2,11,7.7,14,11,-17,5,39,0,56,100.2,4,NA,18,16,,,NA,364.2,0,7027656
ST PROSPER,46.217,-70.5,QC,0.1,7,8.4,15,4,-17,3,48.6,0,82,134.8,0,153,28,17,,,NA,430.7,0,7027660
ST SEBASTIEN,45.767,-70.95,QC,-1.3,10,6.5,8,5,-16,8,62.2,0,85,149.5,2,NA,21,19,,,NA,404.7,0,7027725
ST SEVERIN,46.333,-71.05,QC,-1.1,11,7.2,13.5,8,-17.5,10,49.5,0,81,129.1,0,146,25,17,,,NA,381.2,0,7027733
ST THEOPHILE,45.933,-70.483,QC,-1.2,11,6.4,14.5,9,-16,9,55.6,2,NA,108.8,6,NA,,15,,,NA,383.1,0,7027750
ST WENCESLAS,46.167,-72.333,QC,1.2,5,8.6,15.5,3,-15.5,4,37,3,NA,126.5,4,NA,,15,,,NA,437.6,0,7027783
SCOTT,46.5,-71.083,QC,-1.4,5,6.2,16,2,-16,3,52.8,0,79,116,2,NA,18,16,,,NA,504,0,7027840
SHERBROOKE,45.439,-71.691,QC,1,2,NA,17,2,-14.5,2,,,NA,109.4,2,NA,,12,,,NA,493.9,0,7028123
SHERBROOKE A,45.433,-71.683,QC,,,NA,,,,,54.1,0,NA,153.9,0,NA,25,16,,,NA,,,7028124
SOREL,46.033,-73.117,QC,1.1,1,7.2,16.5,1,-13,0,46,7,NA,104.4,7,NA,37,13,,,NA,508.5,0,7028200
SUTTON,45.067,-72.683,QC,1.6,3,7,19,2,-13,3,53.1,0,78,160.3,1,NA,22,18,,,NA,458.7,0,7028292
THETFORD MINES,46.1,-71.35,QC,-0.3,0,7.1,15,0,-16,0,63,0,75,151,0,129,24,22,,,NA,568,0,7028441
THETFORD MINES RCS,46.049,-71.266,QC,-1.5,0,NA,14.1,0,-16.9,0,,,NA,135.5,0,NA,23,18,,,NA,605.4,0,7028442
VALLEE JONCTION,46.383,-70.933,QC,-0.7,23,6.7,9.5,22,-11.5,21,0,18,NA,32.8,18,NA,,3,,,NA,149.8,0,7028676
VERCHERES,45.767,-73.367,QC,1.1,0,6.7,16,0,-12,0,39,1,NA,97.4,4,NA,25,12,,,NA,524,0,7028700
BEAUCEVILLE,46.205,-70.785,QC,-1,0,NA,14.3,0,-15.4,0,,,NA,140.7,0,NA,,17,,,NA,588.7,0,7028754
STE-ANNE-DE-BELLEVUE 1,45.427,-73.929,QC,1.7,0,NA,17.1,0,-11.8,0,,,NA,93.1,0,NA,9,14,,,NA,506.4,0,702FHL8
ST-ANICET 1,45.121,-74.289,QC,2,0,NA,21.2,0,-11.6,0,,,NA,106.3,1,NA,,15,,,NA,494.7,0,702FQLF
ST CAMILLE WOLFE,45.667,-71.733,QC,0.5,13,7.9,15.5,8,-16.5,6,27,2,NA,35,13,NA,23,6,,,NA,315.4,0,702FR30
L'ACADIE,45.294,-73.349,QC,1.7,0,NA,17.3,0,-11.6,0,,,NA,116.4,0,NA,19,17,,,NA,504.2,0,702LED4
MONTREAL/PIERRE ELLIOTT TRUDEAU INTL,45.468,-73.742,QC,1.7,1,NA,17.2,1,-12,0,,,NA,97.7,1,NA,15,14,,,NA,489.7,0,702S006
ANGERS,45.55,-75.55,QC,1.2,7,8.6,17,3,-12,4,46.8,1,NA,88.4,2,NA,25,13,,,NA,404.4,0,7030170
CHARTERIS,45.683,-76.433,QC,0.7,0,NA,15.5,0,-15,0,34.4,3,NA,59.6,5,NA,30,10,,,NA,536,0,7031315
CHELSEA,45.517,-75.783,QC,2.6,19,9.2,12.5,16,-9.5,17,0,9,NA,51.9,10,NA,,10,,,NA,184.6,0,7031360
CHENEVILLE,45.9,-75.083,QC,-0.6,15,7.2,11,10,-13,11,46,1,NA,95,5,NA,30,11,,,NA,297.5,0,7031375
HIGH FALLS,45.839,-75.648,QC,0.3,0,NA,14.9,0,-13.3,0,,,NA,117,0,NA,,16,,,NA,548.1,0,7033121
LACHUTE,45.65,-74.333,QC,1.2,4,7.7,17.3,2,-12.8,3,45.5,1,NA,128.2,1,NA,30,17,,,NA,454.9,0,7033650
LA MACAZA,46.367,-74.767,QC,1.2,12,10.1,16,3,-9,10,49,1,NA,122.6,1,NA,34,20,,,NA,318.5,0,7033939
LUSKVILLE,45.533,-76.05,QC,1.4,2,8.4,16,1,-12.5,2,35.5,0,76,90.3,1,NA,21,16,,,NA,480.1,0,7034365
MANIWAKI UA,46.302,-76.006,QC,,,NA,,,,,51.4,0,NA,98.4,0,NA,43,13,,,NA,,,7034480
MANIWAKI AIRPORT,46.275,-75.992,QC,-0.4,0,NA,15,0,-16,0,,,NA,115,0,NA,33,15,,,NA,569.2,0,7034482
NOTRE DAME DE LA PAIX,45.8,-74.983,QC,0.5,21,8.3,11,16,-13,15,37,6,NA,76,8,NA,32,11,,,NA,175,0,7035666
STE ANNE DU LAC,46.85,-75.333,QC,2.1,22,12.1,8,19,-12,15,36,5,NA,84.4,7,NA,,11,,,NA,143,0,7036855
ST HIPPOLYTE,45.983,-74,QC,-0.9,4,7.6,14,4,-15.5,1,61.3,0,85,90.5,5,NA,44,12,,,NA,511.4,0,7037310
ST JEROME,45.8,-74.05,QC,2.2,17,9.1,16.5,14,-14,15,45,1,NA,95.3,5,NA,26,15,,,NA,221.1,0,7037400
WRIGHT,46.067,-76.05,QC,0,8,8.2,15.5,4,-15,4,55,1,NA,118.4,1,NA,47,18,,,NA,412.9,0,7038975
ST-JOVITE,46.08,-74.556,QC,-0.2,1,NA,16.2,1,-14.3,0,,,NA,104,1,NA,,16,,,NA,546.4,0,703GDKB
BAIE-COMEAU A,49.133,-68.2,QC,-3.5,0,NA,8.4,0,-18.2,0,,,NA,46.2,0,NA,22,13,,,NA,665.6,0,7040442
BAIE-COMEAU,49.133,-68.204,QC,-3.6,1,NA,7.9,1,-18.3,1,,,NA,31.6,1,NA,,11,,,NA,648.9,0,7040444
LOURDES DE BLANC SABLON A,51.442,-57.186,QC,-7.4,0,NA,5.7,0,-20.6,0,50.6,0,NA,65.6,0,NA,7,7,,,NA,785.9,0,7040815
CAPE WHITTLE,50.163,-60.062,QC,-3.7,5,NA,4.7,5,-17.5,1,,,NA,,,NA,,,,,NA,564.1,0,7041100
CAP-ROUGE,48.374,-70.535,QC,-1.6,0,NA,11.1,0,-15,0,,,NA,,,NA,,,,,NA,606.3,0,7041166
CHARLEVOIX (MRC),47.284,-70.638,QC,-5.2,0,NA,5.9,0,-22.3,0,,,NA,144.5,0,NA,49,16,,,NA,719.3,0,7041312
CHATEAU RICHER,46.967,-71.033,QC,-0.6,0,6.5,9,0,-18,0,82,0,124,123,0,127,30,19,,,NA,576.6,0,7041330
CHEVERY,50.465,-59.639,QC,-6.6,0,NA,5.5,0,-20,0,,,NA,78.3,0,NA,0,8,,,NA,763.7,0,7041382
CAP-TOURMENTE,47.079,-70.781,QC,-0.6,0,NA,8.7,0,-18.6,0,,,NA,89,0,NA,,16,,,NA,575.8,0,7041JG6
FORET MONTMORENCY RCS,47.323,-71.148,QC,-4.6,0,NA,7.7,0,-21,0,,,NA,225.3,10,NA,43,15,,,NA,700.2,0,7042395
HAVRE ST. PIERRE,50.282,-63.611,QC,-6.5,0,NA,3.9,0,-25.7,0,,,NA,38,0,NA,,2,,,NA,760.3,0,7043019
ILE AUX PERROQUETS,50.221,-64.207,QC,-4.2,0,NA,4.4,0,-17.1,0,,,NA,,,NA,,,,,NA,687,0,7043B79
ILE ROUGE,48.069,-69.556,QC,-0.9,0,NA,8.2,0,-13.8,0,,,NA,12.2,22,NA,,3,,,NA,584.7,0,7043BP9
LES BUISSONS,49.117,-68.383,QC,-8.5,29,NA,4,22,-18,28,19.6,4,NA,32.4,6,NA,,5,,,NA,53,0,7044288
LONGUE-POINTE-DE-MINGAN,50.271,-64.226,QC,,,NA,,,,,,,NA,26,1,NA,16,2,,,NA,,,7044328
MONT STE-ANNE,47.073,-70.907,QC,,,NA,,,,,88.4,0,NA,192.8,0,NA,54,19,,,NA,,,7045326
NATASHQUAN,50.19,-61.789,QC,-6.5,0,NA,4.3,0,-21.8,0,,,NA,0,0,NA,,0,,,NA,758.3,0,7045398
NATASHQUAN A,50.19,-61.811,QC,-6.4,0,NA,4.4,0,-22,0,,,NA,40,0,NA,1,5,,,NA,757.6,0,7045401
POINTE DE L'ISLET,48.136,-69.716,QC,-0.7,5,NA,11.1,5,-11.9,2,,,NA,,,NA,,,,,NA,485.8,0,7046059
POINTE CLAVEAU,48.26,-70.114,QC,,,NA,,,-6.2,28,,,NA,,,NA,,,,,NA,,,704607C
STE ROSE DU NORD,48.4,-70.533,QC,-2.3,3,8.6,10.5,2,-19.5,1,65,0,75,77.8,1,NA,26,18,,,NA,568.3,0,7047722
SEPT-ILES UA,50.217,-66.25,QC,,,NA,,,,,30,0,NA,36.7,0,NA,10,7,,,NA,,,7047912
SEPT-ILES,50.217,-66.25,QC,-6,0,NA,7,0,-22.4,0,,,NA,30.8,4,NA,12,6,,,NA,744.7,0,7047914
LAC EON,51.867,-63.284,QC,-11.9,9,NA,2.1,6,-31,6,,,NA,26.8,11,NA,,8,,,NA,658.7,0,704C64L
POINTE-DES-MONTS,49.317,-67.381,QC,-3.3,0,NA,4.4,0,-17.4,0,,,NA,54.2,0,NA,,19,,,NA,660.4,0,704F0PN
RIVIERE AU TONNERRE,50.283,-64.783,QC,-5.7,5,3.1,5,1,-25.5,4,22.3,0,39,51.5,0,58,11,7,,,NA,616,0,704FEG0
POINTE NOIRE CS,50.163,-66.434,QC,-3.6,0,NA,6.9,0,-16,0,,,NA,1.2,28,NA,,1,,,NA,670.3,0,704Q003
BAIE-COMEAU,49.259,-68.146,QC,-3.8,0,NA,7,0,-17.2,0,,,NA,70.3,0,NA,,15,,,NA,674.8,0,704S001
AMQUI,48.472,-67.435,QC,-3.3,0,NA,7.1,0,-20.7,0,,,NA,92,0,NA,,19,,,NA,660.7,0,7050145
CAP-D'ESPOIR,48.419,-64.317,QC,-2,0,NA,9.2,0,-16,0,,,NA,97.8,0,NA,,17,,,NA,619.9,0,7051050
CAP DES ROSIERS,48.85,-64.2,QC,-2.3,10,3.1,8,7,-14,4,51,1,NA,58,1,NA,16,11,,,NA,425.5,0,7051055
CAP-MADELEINE,49.251,-65.325,QC,-1.8,0,NA,10.6,0,-13.9,0,,,NA,59.7,0,NA,0,11,,,NA,615.1,0,7051163
CAUSAPSCAL,48.367,-67.233,QC,-5.3,11,4.1,5,10,-22,9,79.4,3,NA,97.8,5,NA,40,15,,,NA,466.5,0,7051200
GASPE A,48.775,-64.48,QC,-3.2,0,NA,9.9,0,-16.7,0,38.8,1,NA,64.9,0,NA,14,13,,,NA,657.7,0,7052601
HEATH POINT,49.085,-61.701,QC,-2.8,7,NA,4.3,6,-14.1,3,,,NA,29.8,7,NA,,5,,,NA,498.8,0,7053038
ILES DE LA MADELEINE A,47.425,-61.778,QC,0,0,NA,8.2,0,-8.4,0,,,NA,,,NA,8,,,,NA,558.6,0,7053250
LAC HUMQUI,48.283,-67.567,QC,-4.4,7,5.4,7.2,3,-24,4,116.2,0,141,146,0,132,50,20,,,NA,536.8,0,7053649
ILES DE LA MADELEINE,47.425,-61.775,QC,0.3,0,NA,8.7,0,-8.8,0,,,NA,82.4,0,NA,,16,,,NA,547.8,0,7053KGR
LA POCATIERE,47.356,-70.032,QC,-1.3,0,NA,9.3,0,-17.7,0,,,NA,83.8,0,NA,15,15,,,NA,597.4,0,7054096
MONT JOLI A,48.609,-68.208,QC,-2.3,0,NA,9.5,0,-14.9,0,57.3,0,NA,68.6,1,NA,20,13,,,NA,628.7,0,7055121
MONT-JOLI,48.604,-68.195,QC,-2.3,0,NA,10.1,0,-14.5,0,,,NA,67.7,0,NA,6,13,,,NA,629.5,0,7055122
NEW CARLISLE 1,48.012,-65.332,QC,-2,0,NA,7.6,0,-14.8,0,,,NA,138,0,NA,,14,,,NA,619.2,0,7055422
POINTE-AU-PERE (INRS),48.514,-68.468,QC,-1.7,0,NA,8.7,0,-14.3,0,,,NA,82.7,0,NA,,13,,,NA,611.4,0,7056068
PORT-MENIER,49.839,-64.293,QC,-4.4,0,NA,4.6,0,-21.3,0,,,NA,40.4,0,NA,10,9,,,NA,693.6,0,7056202
RIMOUSKI,48.45,-68.517,QC,-1.6,2,5.1,10.5,2,-14.5,0,59,2,NA,65.8,4,NA,20,12,,,NA,568.2,0,7056480
RIVIERE-DU-LOUP,47.806,-69.549,QC,-2.2,0,NA,8.2,0,-17.3,0,,,NA,104,0,NA,23,12,,,NA,627.7,0,7056616
RIVIERE-DU-LOUP / ST-ANTONIN,47.8,-69.45,QC,,,NA,,,,,88.8,0,NA,116.4,0,NA,38,17,,,NA,,,7056870
ST CAMILLE,46.483,-70.217,QC,-2.5,1,6.6,10.5,1,-18.5,0,74.2,0,93,130.8,1,NA,23,18,,,NA,614.3,0,7056930
ST JEAN DE CHERBOURG,48.883,-67.117,QC,-6.4,12,3,5.5,6,-22,9,62,1,NA,62,2,NA,15,13,,,NA,464.2,0,7057395
STE LUCIE,46.733,-70.017,QC,-1.9,7,7.5,11,4,-21,5,79.8,2,NA,103.2,4,NA,24,13,,,NA,477.3,0,7057515
SAINT MICHEL,46.867,-70.883,QC,-1.2,0,6.4,9.7,0,-16,0,28.2,4,NA,50.6,9,NA,14,8,,,NA,595.6,0,7057567
ILE BICQUETTE,48.416,-68.893,QC,-1.4,0,NA,6.9,0,-14.2,0,,,NA,,,NA,,,,,NA,601,0,705LKPQ
CAP-CHAT,49.109,-66.654,QC,-2,0,NA,8.6,0,-15.9,0,,,NA,56,0,NA,,17,,,NA,619.4,0,705S002
BAGOTVILLE A,48.333,-71,QC,-3.1,0,7.3,14.2,0,-18.8,0,59,0,80,70.6,0,101,39,13,,,NA,653.3,0,7060400
BONNARD 1,50.729,-71.013,QC,-8.5,1,NA,5.9,1,-25,0,,,NA,8.8,4,NA,,3,,,NA,794.1,0,7060826
CHAMOUCHOUANE,49.279,-73.356,QC,-5.4,4,NA,8,4,-22.9,3,,,NA,,,NA,,,,,NA,631.6,0,7061288
CHUTE-DES-PASSES,49.84,-71.168,QC,-4,26,NA,3.5,22,-22.8,19,,,NA,,,NA,,,,,NA,109.8,0,7061541
JONQUIERE,48.425,-71.143,QC,-2.7,0,NA,13.3,0,-17.9,0,,,NA,94.1,0,NA,,17,,,NA,642.8,0,7063370
LAC STE CROIX,48.417,-71.75,QC,0.3,29,10.9,6,27,-9,18,64.5,0,101,52.5,4,NA,25,10,,,NA,35.5,0,7063690
LATERRIERE,48.307,-71.129,QC,-2.9,0,NA,14.5,0,-18.5,0,,,NA,,,NA,,,,,NA,649.1,0,7064181
MISTOOK,48.598,-71.716,QC,-3.3,4,NA,11.8,2,-18.8,2,,,NA,,,NA,,,,,NA,575.7,0,7065012
NORMANDIN,48.842,-72.547,QC,-4.3,1,NA,8.8,1,-21,0,,,NA,81.7,1,NA,22,16,,,NA,669.7,0,7065639
ONATCHIWAY,48.894,-71.032,QC,-4.7,1,NA,10.9,1,-23.3,0,,,NA,97.3,2,NA,,15,,,NA,679.7,0,7065738
PERIBONCA,48.767,-72.033,QC,-3.5,2,NA,9.5,2,-22,1,36.6,4,NA,43.8,7,NA,19,11,,,NA,623.2,0,7065960
ROBERVAL A,48.52,-72.266,QC,-3.4,0,NA,10.8,0,-19.8,0,82.6,0,NA,102.4,0,NA,20,13,,,NA,663.2,0,7066686
ST AMBROISE,48.567,-71.333,QC,-3.3,0,8.4,12.5,0,-22,0,51.4,7,NA,61.6,8,NA,15,13,,,NA,661.2,0,7066820
ST PRIME,48.617,-72.417,QC,-2.1,3,9.2,9,1,-20,2,69,0,130,64.2,1,NA,31,17,,,NA,563.9,0,7067658
LAC BENOIT,51.533,-71.111,QC,-10.9,5,NA,3.2,4,-33.6,1,,,NA,,,NA,,,,,NA,750.7,0,706I001
MANOUANE EST,50.656,-70.532,QC,-9,0,NA,4.6,0,-30.1,0,,,NA,31.6,0,NA,,7,,,NA,837.2,0,706I155
LA BAIE,48.298,-70.92,QC,-3.4,0,NA,12.6,0,-20.4,0,,,NA,19.8,30,NA,,1,,,NA,664.2,0,706Q001
PARENT,47.922,-74.624,QC,-3.5,0,NA,11,0,-21,0,,,NA,105.2,0,NA,18,18,,,NA,665,0,7075800
SAINT-MICHEL-DES-SAINTS,46.816,-74.094,QC,-2,6,NA,13.5,5,-16,2,,,NA,74.8,6,NA,16,13,,,NA,499.5,0,7077571
LA TUQUE,47.411,-72.788,QC,-2.2,0,NA,10.8,0,-19,0,,,NA,109,0,NA,20,15,,,NA,625.1,0,707DBD4
BARRAGE TEMISCAMINGUE,46.71,-79.101,QC,-0.1,1,NA,14.1,1,-17.1,0,,,NA,112.2,1,NA,26,17,,,NA,543.3,0,7080468
MONT BRUN,48.417,-78.733,QC,,,,11.5,9,,,58.6,0,88,119,0,152,18,16,,,NA,,,7085106
ROUYN,48.246,-79.034,QC,-3.5,1,NA,11.7,1,-22.6,0,,,NA,93.2,1,NA,,20,,,NA,645.6,0,7086716
CHAPAIS,49.823,-74.975,QC,-5.9,0,NA,9.8,0,-23.9,0,,,NA,6.6,30,NA,,1,,,NA,739.5,0,7091299
CHIBOUGAMAU CHAPAIS A,49.767,-74.533,QC,-6.5,8,NA,10,8,-22.9,8,56.8,8,NA,89.2,8,NA,15,16,,,NA,564,0,7091404
LA GRANDE 4 A,53.755,-73.675,QC,-9.8,2,NA,3.4,2,-29.8,2,,,NA,0,2,NA,,0,,,NA,805.1,0,7093714
LA GRANDE RIVIERE A,53.625,-77.704,QC,-9.3,0,NA,6.9,0,-23,0,23,0,NA,44.2,0,NA,6,8,,,NA,846.3,0,7093716
LA GRANDE IV A,53.757,-73.679,QC,,,NA,,,,,24.2,0,NA,36.4,0,NA,3,13,,,NA,,,7093GJ3
LA GRANDE IV,53.757,-73.679,QC,-9.8,0,NA,6.6,0,-29.9,0,,,NA,28.7,0,NA,1,7,,,NA,861,0,7093GJ5
MATAGAMI A,49.762,-77.803,QC,-5.6,0,NA,10.7,0,-22.2,0,,,NA,28,0,NA,,9,,,NA,732.5,0,7094636
MATAGAMI,49.758,-77.793,QC,-5.7,0,NA,10.7,0,-22.7,0,,,NA,49.9,0,NA,0,11,,,NA,733.8,0,7094637
VAL-D'OR A,48.056,-77.787,QC,,,NA,,,,,52.4,0,NA,116.4,0,NA,14,18,,,NA,,,7098600
VAL-D'OR,48.056,-77.786,QC,-3.5,1,NA,11.7,1,-24.9,0,,,NA,97.5,1,NA,4,16,,,NA,645.8,0,7098603
VAL D'OR A,48.053,-77.783,QC,-3.6,1,NA,11.7,1,-24.6,1,,,NA,94.7,1,NA,,10,,,NA,647.5,0,7098605
LAC BERRY,48.8,-78.283,QC,-4.8,10,8,7,9,-27,5,18.5,9,NA,16.5,17,NA,14,4,,,NA,479.7,0,709CEE9
INUKJUAK,58.472,-78.077,QC,-15.1,1,NA,-0.1,1,-34.5,1,,,NA,0.2,2,NA,,0,,,NA,994.4,0,7103280
KUUJJUARAPIK,55.367,-77.567,QC,-8.4,2,NA,6.3,2,-22.7,0,,,NA,44.5,2,NA,0,8,,,NA,764.2,0,7103539
INUKJUAK A,58.472,-78.077,QC,-15.5,1,NA,-0.3,0,-35.7,1,,,NA,31.2,1,NA,,9,,,NA,1004.3,0,710S005
KUUJJUAQ A,58.089,-68.422,QC,-16.3,0,NA,4.2,0,-32.5,0,38.8,0,NA,40.2,0,NA,27,12,,,NA,1063,0,7113535
PARC NATIONAL DES PINGUALUIT,61.313,-73.668,QC,-23.6,4,NA,-7.6,3,-33,2,,,NA,9.7,6,NA,6,3,,,NA,1123.4,0,7115800
RIVIERE AUX FEUILLES,57.909,-72.976,QC,-17,9,NA,3.6,9,-39.5,4,,,NA,14.1,9,NA,0,5,,,NA,770.4,0,7116505
SALLUIT,62.179,-75.67,QC,-19.9,1,NA,-5.9,1,-29.7,0,,,NA,12,1,NA,,5,,,NA,1138.4,0,7117800
SCHEFFERVILLE A,54.805,-66.805,QC,-14,7,NA,1.6,7,-39.6,6,,,NA,,,NA,,,,,NA,768.6,0,7117823
SCHEFFERVILLE,54.8,-66.8,QC,-14.8,0,NA,2.4,0,-40.7,0,,,NA,26.3,4,NA,37,6,,,NA,1016.8,0,7117827
